{"cameraMode":{"drawMode":0,"name":"Shaded","section":"Shading Mode"},"sceneLighting":false,"audioPlay":false,"sceneViewState":{"m_AlwaysRefresh":false,"showFog":true,"showSkybox":false,"showFlares":true,"showImageEffects":true,"showParticleSystems":true,"showVisualEffectGraphs":true,"m_FxEnabled":true},"in2DMode":false,"pivot":{"x":3.2782554626464846e-7,"y":0.5646388530731201,"z":1.1920928955078126e-7},"rotation":{"x":0.0013425726210698486,"y":-0.9951079487800598,"z":0.09794540703296662,"w":0.013739997521042824},"size":0.6674808859825134,"orthographic":true}