{"cameraMode":{"drawMode":0,"name":"Shaded","section":"Shading Mode"},"sceneLighting":false,"audioPlay":false,"sceneViewState":{"m_AlwaysRefresh":false,"showFog":true,"showSkybox":false,"showFlares":true,"showImageEffects":true,"showParticleSystems":true,"showVisualEffectGraphs":true,"m_FxEnabled":true},"in2DMode":false,"pivot":{"x":-0.06153144687414169,"y":0.4911680221557617,"z":-0.13511811196804048},"rotation":{"x":0.23221419751644135,"y":0.06559644639492035,"z":-0.015698213130235673,"w":0.9703250527381897},"size":1.1660254001617432,"orthographic":false}