{"cameraMode":{"drawMode":0,"name":"Shaded","section":"Shading Mode"},"sceneLighting":false,"audioPlay":false,"sceneViewState":{"m_AlwaysRefresh":false,"showFog":true,"showSkybox":false,"showFlares":true,"showImageEffects":true,"showParticleSystems":true,"showVisualEffectGraphs":true,"m_FxEnabled":true},"in2DMode":false,"pivot":{"x":1.4901161193847657e-7,"y":0.6441134214401245,"z":0.009796380996704102},"rotation":{"x":-0.04643496870994568,"y":0.9433519840240479,"z":-0.149832621216774,"w":-0.29243260622024538},"size":0.8543194532394409,"orthographic":true}